Feature,Importance
TM.TAX.MRCH.BR.ZS,0.13998197
SH.STA.ODFC.UR.ZS,0.08845479
SH.MED.SAOP.P5,0.058231723
SP.ADO.TFRT,0.05669631
per_si_allsi.cov_q1_tot,0.04502844
TM.TAX.MANF.BR.ZS,0.04502657
SH.DTH.COMM.ZS,0.01885094
EG.ELC.ACCS.RU.ZS,0.016455594
VC.IHR.PSRC.P5,0.014219261
SH.DTH.INJR.ZS,0.012786346
SI.POV.SOPO,0.012552906
TM.VAL.MRCH.R3.ZS,0.011597292
SH.PRV.SMOK.MA,0.010558838
SE.PRM.TCHR.FE.ZS,0.008146184
TX.VAL.MRCH.R3.ZS,0.007867506
IC.FRM.RSDV.ZS,0.007565117
AG.LND.IRIG.AG.ZS,0.0075176195
IC.CRD.PRVT.ZS,0.007017999
SH.HIV.INCD.TL.P3,0.0069948575
AG.LND.CROP.ZS,0.006712453
SL.TLF.CACT.FM.ZS,0.0064441278
TX.VAL.MRCH.R2.ZS,0.006441872
SH.HIV.INCD.ZS,0.006101551
AG.PRD.CROP.XD,0.0058429115
IS.AIR.GOOD.MT.K1,0.0057293307
SL.EMP.MPYR.MA.ZS,0.005609441
ER.GDP.FWTL.M3.KD,0.0054148855
VC.IHR.PSRC.MA.P5,0.0052525164
SE.PRM.OENR.ZS,0.005200755
SL.SRV.EMPL.FE.ZS,0.005085635
SH.DTH.1014,0.004893451
TM.VAL.MRCH.AL.ZS,0.004856905
SH.HIV.INCD.YG.P3,0.0048448835
SE.PRM.OENR.FE.ZS,0.004751352
SH.MED.BEDS.ZS,0.004620232
TX.VAL.MRCH.R4.ZS,0.0044657625
EN.GHG.N2O.ZG.AR5,0.0042897086
NV.AGR.TOTL.ZS,0.0042611063
TM.VAL.MANF.ZS.UN,0.004187851
IC.REG.DURS,0.004110499
ER.H2O.FWST.ZS,0.004058257
SP.POP.0014.FE.IN,0.0040391395
TM.QTY.MRCH.XD.WD,0.0039047447
SH.DYN.AIDS.ZS,0.0038430043
SI.POV.LMIC,0.0035730351
SM.POP.REFG.OR,0.0035543032
SE.PRM.GINT.ZS,0.0035064034
SH.XPD.GHED.CH.ZS,0.0034907607
AG.LND.ARBL.ZS,0.003311072
per_si_allsi.ben_q1_tot,0.0033093877
ER.MRN.PTMR.ZS,0.003245009
IC.REG.PROC.MA,0.0031079391
SH.STA.OWGH.MA.ZS,0.003055688
SH.DYN.AIDS.FE.ZS,0.0030051214
EN.GHG.CH4.IC.MT.CE.AR5,0.0029432152
SH.MMR.RISK.ZS,0.0029011755
SI.POV.GAPS,0.002885886
TM.VAL.MRCH.R2.ZS,0.0028184138
SI.POV.DDAY,0.0027946546
SH.DTH.NMRT,0.0027684895
SL.FAM.WORK.MA.ZS,0.0027176167
VC.IDP.TOCV,0.0026732844
SE.PRM.GINT.FE.ZS,0.002631869
SH.XPD.PVTD.CH.ZS,0.0025784725
EN.GHG.CO2.LU.OL.MT.CE.AR5,0.00253334
SE.SEC.AGES,0.0024918637
EN.URB.MCTY.TL.ZS,0.0024800217
IC.TAX.GIFT.ZS,0.00241098
NE.RSB.GNFS.KN,0.0023543707
EN.POP.DNST,0.0023445517
per_lm_alllm.ben_q1_tot,0.0023290473
CM.MKT.TRNR,0.0023041437
SL.EMP.TOTL.SP.ZS,0.0022905862
SL.AGR.0714.MA.ZS,0.0022696706
SH.HIV.1524.MA.ZS,0.0021359145
SH.STA.BRTW.ZS,0.0020631717
DC.DAC.ISLL.CD,0.0020138072
SL.EMP.1524.SP.MA.NE.ZS,0.0018759745
EN.GHG.ALL.PC.CE.AR5,0.0018682645
SE.PRM.OENR.MA.ZS,0.0018595429
SH.UHC.NOP2.ZS,0.0018571182
ER.H2O.FWAG.ZS,0.0018338393
SL.EMP.SMGT.FE.ZS,0.0018150579
SH.MMR.DTHS,0.0018018223
per_lm_alllm.cov_q4_tot,0.0017685173
TX.QTY.MRCH.XD.WD,0.0017396209
SH.HIV.INCD.YG,0.0017335269
SP.POP.BRTH.MF,0.0016132337
AG.LND.PRCP.MM,0.0016071256
TM.VAL.ICTG.ZS.UN,0.0015557176
TT.PRI.MRCH.XD.WD,0.0015369931
SH.MED.PHYS.ZS,0.0015217935
SH.SGR.IRSK.ZS,0.0015048736
EN.URB.MCTY,0.0015011095
NY.GDP.PCAP.CN,0.0014675295
IT.MLT.MAIN,0.0014510828
SP.RUR.TOTL,0.0014456854
BX.GSR.CCIS.ZS,0.001407363
SE.SEC.PRIV.ZS,0.0013951279
FP.CPI.TOTL,0.0013888046
DT.DOD.MIDA.CD,0.0013883801
EN.GHG.CH4.AG.MT.CE.AR5,0.0013864401
SI.SPR.PGAP,0.0013859154
EN.GHG.CO2.ZG.AR5,0.0013821318
FM.LBL.BMNY.GD.ZS,0.0013763554
SH.SVR.WAST.ZS,0.0013697888
EN.GHG.CO2.LU.FL.MT.CE.AR5,0.0013627971
LP.LPI.ITRN.XQ,0.0013511877
DT.NFL.UNCD.CD,0.0013233136
SI.POV.NAHC,0.0013215737
SE.SEC.ENRR.MA,0.0013175872
EN.FSH.THRD.NO,0.0013134168
SP.POP.65UP.MA.IN,0.0012785405
SP.DYN.CDRT.IN,0.0012604713
EN.GHG.CO2.MT.CE.AR5,0.0012575093
GC.REV.SOCL.CN,0.0012520335
IQ.CPA.STRC.XQ,0.0012459416
RQ.EST,0.0012314959
SL.EMP.MPYR.ZS,0.0012218853
SH.STA.BASS.UR.ZS,0.001220837
EN.GHG.CH4.IP.MT.CE.AR5,0.0012126236
EG.ELC.RNEW.ZS,0.00120055
DC.DAC.CHEL.CD,0.0011993189
SP.DYN.TO65.MA.ZS,0.0011903648
FM.LBL.BMNY.CN,0.0011794257
SH.UHC.NOP1.ZS,0.0011746109
DC.DAC.USAL.CD,0.0011646755
DC.DAC.GBRL.CD,0.0011632075
CM.MKT.LDOM.NO,0.0011623545
IC.FRM.BRIB.ZS,0.0011574803
DC.DAC.KORL.CD,0.0011469093
DT.NFL.UNWN.CD,0.0011332686
GE.PER.RNK.LOWER,0.0011228909
GE.EST,0.0011223685
SL.EMP.SELF.ZS,0.0011188542
SH.DYN.NCOM.FE.ZS,0.0011070052
NV.IND.MANF.KN,0.0010943777
EN.GHG.FGAS.IP.MT.CE.AR5,0.0010891205
SP.POP.3034.MA.5Y,0.0010746146
GC.XPN.COMP.ZS,0.0010742536
SH.UHC.OOPC.10.ZS,0.0010665386
EG.ELC.ACCS.UR.ZS,0.0010515581
SH.HIV.1524.FE.ZS,0.0010489265
SL.UEM.TOTL.FE.ZS,0.0010332875
SH.HIV.INCD,0.0010325903
IC.EXP.CSDC.CD,0.0010325682
SE.PRM.CMPT.MA.ZS,0.0010240984
GC.DOD.TOTL.GD.ZS,0.0010187431
NV.IND.MANF.CD,0.0010187146
ST.INT.RCPT.XP.ZS,0.0010112308
SI.POV.UMIC,0.0010019924
SE.XPD.TOTL.GB.ZS,0.0009952671
EG.USE.PCAP.KG.OE,0.0009856788
NE.GDI.TOTL.KD.ZG,0.0009813799
IC.BUS.DFRN.XQ,0.0009734574
SH.TBS.INCD,0.0009576842
EG.ELC.LOSS.ZS,0.0009490828
per_si_allsi.cov_q5_tot,0.0009422137
SH.SGR.CRSK.ZS,0.0009303861
IC.BUS.NREG,0.000925674
NY.ADJ.DFOR.GN.ZS,0.00090389384
NV.SRV.TOTL.ZS,0.00089602784
IS.RRS.PASG.KM,0.0008959921
AG.LND.FRST.ZS,0.0008915994
SH.UHC.FBP1.ZS,0.00087727065
BX.TRF.CURR.CD,0.00087072933
TM.VAL.MRCH.XD.WD,0.0008700615
SH.STA.FGMS.ZS,0.00086594943
NE.CON.PRVT.ZS,0.0008595617
NY.GNP.MKTP.KD,0.00085387845
ER.H2O.INTR.PC,0.00085120794
NY.ADJ.AEDU.CD,0.0008459598
SH.UHC.OOPC.25.ZS,0.00084286113
IE.PPN.TRAN.CD,0.00084204186
SP.POP.65UP.TO.ZS,0.00084029615
BX.GSR.NFSV.CD,0.00083759637
DT.TDS.DECT.EX.ZS,0.00083310937
SL.TLF.0714.SW.FE.ZS,0.0008310755
IC.FRM.FEMM.ZS,0.0008294561
SH.UHC.TOTR.ZS,0.00082792924
SP.POP.0014.MA.IN,0.00082376075
SL.TLF.CACT.ZS,0.0008204775
FX.OWN.TOTL.OL.ZS,0.00081784703
SH.UHC.NOPR.ZS,0.00081618864
IC.IMP.CSDC.CD,0.0008124052
FR.INR.RISK,0.0008104889
TX.VAL.MRCH.RS.ZS,0.0008087741
IE.PPN.WATR.CD,0.00080450496
SE.LPV.PRIM.SD.MA,0.00079743017
SL.UEM.TOTL.NE.ZS,0.0007918186
SP.POP.DPND.YG,0.0007873223
SE.XPD.TERT.ZS,0.000786824
SL.UEM.NEET.MA.ZS,0.00078559114
EG.GDP.PUSE.KO.PP.KD,0.00076818507
NY.TTF.GNFS.KN,0.0007678352
IQ.CPA.FINS.XQ,0.00076520257
SH.STA.AIRP.MA.P5,0.00075230806
NE.CON.GOVT.ZS,0.0007457871
PA.NUS.PPP,0.00074403186
SE.SEC.ENRL.TC.ZS,0.0007367385
ER.H2O.FWTL.ZS,0.00073349406
SP.POP.1564.TO.ZS,0.00073261425
BM.TRF.PWKR.CD.DT,0.00072980486
EN.GHG.CO2.LU.MT.CE.AR5,0.0007287243
SM.POP.TOTL.ZS,0.0007218685
FD.AST.PRVT.GD.ZS,0.00071285473
TX.VAL.AGRI.ZS.UN,0.0007097949
NE.CON.PRVT.PP.CD,0.0007070109
SG.VAW.REAS.ZS,0.0007048793
NY.GNS.ICTR.CD,0.0007027557
EG.ELC.RNWX.ZS,0.00070268085
SE.PRM.ENRR.FE,0.0006963058
SH.TBS.DTEC.ZS,0.0006960932
SH.STA.SUIC.FE.P5,0.0006953999
IC.FRM.CORR.ZS,0.0006934877
SH.STA.TRAF.P5,0.0006924359
SE.PRM.ENRR,0.00069177436
DC.DAC.NLDL.CD,0.0006740346
EG.USE.COMM.GD.PP.KD,0.000673199
EG.GDP.PUSE.KO.PP,0.0006718949
SP.POP.GROW,0.00066957774
EN.GHG.ALL.LU.MT.CE.AR5,0.00066813553
DT.NFL.UNTA.CD,0.0006646971
SL.SRV.EMPL.MA.ZS,0.0006646604
IQ.SPI.PIL5,0.00066057156
NY.GDP.PCAP.KN,0.0006592864
FI.RES.TOTL.CD,0.00065712264
NE.CON.PRVT.CN,0.0006556514
SH.IMM.HEPB,0.0006539373
IQ.SPI.OVRL,0.0006533804
IC.CRD.INFO.XQ,0.00064373587
SE.PRM.CUAT.ZS,0.00063820067
SH.PRV.SMOK.FE,0.0006225974
NY.GDP.DEFL.ZS.AD,0.0006193006
SH.STA.BFED.ZS,0.000618294
BN.KAC.EOMS.CD,0.0006132359
BM.GSR.FCTY.CD,0.0006099146
DC.DAC.NORL.CD,0.0006082271
TM.VAL.MRCH.R1.ZS,0.000593185
SL.UEM.NEET.MA.ME.ZS,0.0005846345
SL.UEM.TOTL.MA.ZS,0.00057785225
SE.PRM.NINT.MA.ZS,0.00057724095
IC.IMP.TMDC,0.0005767768
IC.LGL.DURS,0.0005719782
IC.BUS.DISC.XQ,0.0005714252
RQ.PER.RNK,0.0005696837
SH.STA.OWGH.ME.ZS,0.00056218496
SP.POP.4549.MA.5Y,0.0005619109
DT.NFL.UNFP.CD,0.0005589291
NV.MNF.TXTL.ZS.UN,0.000550476
EN.GHG.CO2.FE.MT.CE.AR5,0.00054773747
TM.VAL.MRCH.HI.ZS,0.0005454862
SH.HIV.ARTC.ZS,0.0005439506
TM.TAX.MANF.BC.ZS,0.0005417644
SP.POP.1014.MA.5Y,0.00054043654
TG.VAL.TOTL.GD.ZS,0.00053319865
SH.STA.SUIC.MA.P5,0.00052873365
SH.H2O.BASW.RU.ZS,0.00052677316
GC.DOD.TOTL.CN,0.0005193606
SP.POP.4549.FE.5Y,0.00050653855
LP.LPI.TIME.XQ,0.00050607824
NY.ADJ.NNAT.GN.ZS,0.00050159753
SL.WAG.0714.FE.ZS,0.0004974462
EG.CFT.ACCS.ZS,0.00049023906
TM.TAX.MRCH.IP.ZS,0.0004896938
SP.POP.TOTL.FE.ZS,0.00048791693
AG.LND.AGRI.ZS,0.00048625853
BN.TRF.KOGT.CD,0.0004822749
TX.VAL.FOOD.ZS.UN,0.00047695643
SL.EMP.TOTL.SP.NE.ZS,0.00047202688
SE.PRM.TENR.MA,0.00047193037
FX.OWN.TOTL.FE.ZS,0.00047017395
EN.POP.EL5M.ZS,0.00046971632
EN.GHG.CO2.LU.DF.MT.CE.AR5,0.00046460854
BM.TRF.PRVT.CD,0.00046407714
SL.TLF.PART.ZS,0.00046133163
IT.NET.SECR.P6,0.00046031337
GC.XPN.INTP.RV.ZS,0.00045157413
SN.ITK.DEFC.ZS,0.00044816828
GC.REV.SOCL.ZS,0.00044627304
IC.REG.DURS.FE,0.00044272703
NE.GDI.STKB.KN,0.0004380844
NV.MNF.TECH.ZS.UN,0.00043529345
SH.IMM.IDPT,0.0004344107
TM.TAX.TCOM.IP.ZS,0.0004331226
SH.UHC.FBP2.ZS,0.00043095616
DT.NFL.UNEC.CD,0.0004279984
DC.DAC.FRAL.CD,0.0004256123
IC.TAX.TOTL.CP.ZS,0.0004243415
IC.FRM.DURS,0.0004164123
SH.STA.WAST.ZS,0.00041598015
SL.UEM.ADVN.MA.ZS,0.00040966884
IT.MLT.MAIN.P2,0.00040943932
GC.TAX.YPKG.RV.ZS,0.00040912942
NY.GNP.MKTP.KD.ZG,0.00040622844
IT.NET.SECR,0.0004021286
BX.GSR.FCTY.CD,0.00040001274
NY.ADJ.DCO2.CD,0.00039921576
DT.DOD.PVLX.EX.ZS,0.0003880135
SE.PRM.TCAQ.ZS,0.00038451332
EG.EGY.PRIM.PP.KD,0.00037915446
DC.DAC.ESPL.CD,0.00037875213
EN.GHG.N2O.FE.MT.CE.AR5,0.00037152914
IC.FRM.TRNG.ZS,0.0003709069
SE.XPD.TOTL.GD.ZS,0.00036967912
LP.IMP.DURS.MD,0.000369659
FD.RES.LIQU.AS.ZS,0.0003681682
TM.TAX.MANF.SR.ZS,0.00036293827
SE.PRM.REPT.ZS,0.00036266574
TM.VAL.MRCH.RS.ZS,0.00035553996
SH.UHC.FBPR.ZS,0.00035499985
NY.GDP.DEFL.ZS,0.0003493481
SE.LPV.PRIM,0.00032585944
TM.VAL.MRCH.OR.ZS,0.00032411327
EN.GHG.N2O.PI.MT.CE.AR5,0.0003141855
EG.IMP.CONS.ZS,0.0003129161
SL.UEM.1524.NE.ZS,0.00030839484
TX.VAL.OTHR.ZS.WT,0.00030832886
SP.POP.SCIE.RD.P6,0.00029587076
SL.TLF.INTM.MA.ZS,0.00029328675
EN.CLC.DRSK.XQ,0.00029119232
TM.TAX.MANF.WM.FN.ZS,0.00028534888
FM.AST.DOMO.ZG.M3,0.00028444844
NY.ADJ.SVNX.CD,0.00028057693
BM.GSR.CMCP.ZS,0.0002763909
DT.NFL.MOTH.CD,0.00026951334
TX.VAL.INSF.ZS.WT,0.00026484695
EG.USE.COMM.FO.ZS,0.0002618631
IC.REG.PROC.FE,0.00026132204
VC.BTL.DETH,0.00025728744
SL.EMP.MPYR.FE.ZS,0.00025681467
GC.XPN.INTP.ZS,0.00025433776
SP.RUR.TOTL.ZG,0.00025339605
SN.ITK.SALT.ZS,0.00023961609
NE.CON.PRVT.CN.AD,0.00020995826
GC.NFN.TOTL.GD.ZS,0.00020612366
NY.GDP.DISC.CN,0.0002039398
SL.TLF.CACT.FM.NE.ZS,0.00019938883
IQ.CPA.TRAD.XQ,0.00019326479
SE.LPV.PRIM.LD,0.00017493714
CM.MKT.TRAD.CD,0.0001736023
SL.TLF.CACT.NE.ZS,0.00017094065
PV.PER.RNK,0.00015213902
DT.TDS.DPPG.XP.ZS,0.00013252982
NE.GDI.TOTL.KN,0.00012182235
DT.NFL.OFFT.CD,0.000120485805
NE.TRD.GNFS.ZS,0.000110736495
CM.MKT.LCAP.GD.ZS,8.701102e-05
RQ.PER.RNK.LOWER,7.5251824e-05
SH.SVR.WAST.FE.ZS,7.188512e-05
NV.MNF.FBTO.ZS.UN,7.055377e-05
SL.TLF.0714.WK.MA.TM,6.4314525e-05
AG.YLD.CREL.KG,5.6748493e-05
TM.TAX.TCOM.BR.ZS,5.434461e-05
NY.GDP.MKTP.KD.ZG,3.2413962e-05
SL.TLF.INTM.FE.ZS,3.1844687e-05
BX.GSR.TRAN.ZS,8.274588e-06
BN.CAB.XOKA.GD.ZS,7.752582e-06
TX.VAL.TRVL.ZS.WT,0.0
SH.HIV.INCD.14,0.0
SH.DYN.1014,0.0
VA.EST,0.0
SH.DYN.0509,0.0
VC.IDP.NWCV,0.0
SH.HIV.INCD.TL,0.0
SH.DTH.NCOM.ZS,0.0
SH.DTH.MORT,0.0
TX.VAL.TECH.CD,0.0
SH.DYN.NMRT,0.0
SP.POP.1564.FE.ZS,0.0
TX.VAL.TRAN.ZS.WT,0.0
SP.POP.1564.FE.IN,0.0
SH.DTH.IMRT,0.0
SH.DTH.2024,0.0
SH.DTH.1519,0.0
TX.VAL.TECH.MF.ZS,0.0
VC.IHR.PSRC.FE.P5,0.0
VC.IDP.NWDS,0.0
SH.DYN.1519,0.0
VA.NO.SRC,0.0
SH.DYN.2024,0.0
SH.FPL.SATM.ZS,0.0
SP.POP.2024.FE.5Y,0.0
SH.DYN.NCOM.MA.ZS,0.0
SP.POP.1564.TO,0.0
SH.H2O.BASW.UR.ZS,0.0
SH.H2O.BASW.ZS,0.0
SH.H2O.SMDW.RU.ZS,0.0
VA.PER.RNK.LOWER,0.0
SH.DYN.MORT.MA,0.0
SH.DYN.MORT.FE,0.0
SH.DYN.MORT,0.0
VA.PER.RNK.UPPER,0.0
SH.H2O.SMDW.UR.ZS,0.0
SH.H2O.SMDW.ZS,0.0
VA.STD.ERR,0.0
SH.HIV.0014,0.0
VA.PER.RNK,0.0
SP.POP.1564.MA.ZS,0.0
SP.POP.1564.MA.IN,0.0
SH.DYN.NCOM.ZS,0.0
SP.POP.7074.FE.5Y,0.0
TX.VAL.SERV.CD.WT,0.0
SH.HIV.PMTC.ZS,0.0
SH.STA.ARIC.ZS,0.0
SH.STA.BASS.RU.ZS,0.0
SH.STA.BASS.ZS,0.0
SH.STA.BRTC.ZS,0.0
TX.VAL.ICTG.ZS.UN,0.0
SH.STA.DIAB.ZS,0.0
TX.VAL.FUEL.ZS.UN,0.0
SH.STA.HYGN.RU.ZS,0.0
SP.POP.5559.FE.5Y,0.0
SH.STA.HYGN.UR.ZS,0.0
SH.STA.HYGN.ZS,0.0
SH.STA.MALN.FE.ZS,0.0
SP.POP.1519.FE.5Y,0.0
SH.STA.MALN.MA.ZS,0.0
SH.STA.MALN.ZS,0.0
SH.STA.MMRT,0.0
SH.STA.MMRT.NE,0.0
SH.STA.ODFC.RU.ZS,0.0
TX.UVI.MRCH.XD.WD,0.0
SH.STA.ODFC.ZS,0.0
SH.STA.ORCF.ZS,0.0
SH.STA.ORTH,0.0
SH.STA.OWGH.FE.ZS,0.0
TX.MNF.TECH.ZS.UN,0.0
SP.POP.1014.FE.5Y,0.0
SH.STA.ANVC.ZS,0.0
SH.STA.AIRP.P5,0.0
TX.VAL.MANF.ZS.UN,0.0
TX.VAL.MRCH.WL.CD,0.0
SP.POP.5054.FE.5Y,0.0
SH.IMM.MEAS,0.0
SP.POP.5054.MA.5Y,0.0
SP.POP.1519.MA.5Y,0.0
TX.VAL.MRCH.XD.WD,0.0
SH.MED.CMHW.P3,0.0
SH.DTH.0509,0.0
TX.VAL.MRCH.WR.ZS,0.0
SH.MLR.INCD.P3,0.0
SH.MLR.NETS.ZS,0.0
SH.MLR.TRET.ZS,0.0
SH.MMR.RISK,0.0
SH.STA.AIRP.FE.P5,0.0
TX.VAL.MRCH.R6.ZS,0.0
TX.VAL.MRCH.R5.ZS,0.0
SH.PRG.ANEM,0.0
SH.PRV.SMOK,0.0
TX.VAL.MRCH.R1.ZS,0.0
TX.VAL.MRCH.OR.ZS,0.0
TX.VAL.MRCH.HI.ZS,0.0
TX.VAL.MRCH.CD.WT,0.0
TX.VAL.MRCH.AL.ZS,0.0
TX.VAL.MMTL.ZS.UN,0.0
SH.SGR.PROC.P5,0.0
SH.MED.NUMW.P3,0.0
SH.ALC.PCAP.FE.LI,0.0
SH.CON.1524.MA.ZS,0.0
SE.SEC.TCAQ.UP.ZS,0.0
per_sa_allsa.cov_pop_tot,0.0
SE.SEC.CUAT.UP.MA.ZS,0.0
SE.SEC.CUAT.UP.ZS,0.0
SE.SEC.DURS,0.0
SE.SEC.ENRL,0.0
SE.SEC.ENRL.FE.ZS,0.0
SE.SEC.ENRL.GC,0.0
SE.SEC.ENRL.GC.FE.ZS,0.0
SE.SEC.ENRL.LO.TC.ZS,0.0
per_sa_allsa.ben_q1_tot,0.0
SE.SEC.ENRL.UP.TC.ZS,0.0
per_sa_allsa.adq_pop_tot,0.0
SE.SEC.ENRL.VO,0.0
SE.SEC.ENRL.VO.FE.ZS,0.0
SE.SEC.ENRR,0.0
SE.SEC.ENRR.FE,0.0
per_lm_alllm.cov_q5_tot,0.0
SE.SEC.NENR,0.0
SE.SEC.NENR.FE,0.0
SE.SEC.NENR.MA,0.0
SE.SEC.PROG.FE.ZS,0.0
SE.SEC.PROG.MA.ZS,0.0
SE.SEC.PROG.ZS,0.0
SE.SEC.TCAQ.FE.ZS,0.0
SE.SEC.TCAQ.LO.FE.ZS,0.0
SE.SEC.TCAQ.LO.MA.ZS,0.0
SE.SEC.TCAQ.LO.ZS,0.0
SE.SEC.TCAQ.MA.ZS,0.0
SE.SEC.TCAQ.UP.FE.ZS,0.0
SE.SEC.CUAT.UP.FE.ZS,0.0
SE.SEC.CUAT.PO.ZS,0.0
SE.SEC.CUAT.PO.MA.ZS,0.0
per_si_allsi.cov_pop_tot,0.0
SP.POP.3539.MA.5Y,0.0
SE.PRM.TCHR,0.0
per_si_allsi.cov_q4_tot,0.0
SE.PRM.TENR,0.0
SE.PRM.TENR.FE,0.0
SP.POP.3034.FE.5Y,0.0
SE.PRM.UNER,0.0
SE.PRM.UNER.FE,0.0
SE.PRM.UNER.FE.ZS,0.0
SP.POP.2529.MA.5Y,0.0
per_si_allsi.cov_q3_tot,0.0
per_si_allsi.cov_q2_tot,0.0
SE.PRM.UNER.MA,0.0
SE.PRM.UNER.MA.ZS,0.0
per_sa_allsa.cov_q1_tot,0.0
SE.PRM.UNER.ZS,0.0
per_si_allsi.adq_pop_tot,0.0
SE.SEC.CMPT.LO.FE.ZS,0.0
per_sa_allsa.cov_q5_tot,0.0
SE.SEC.CMPT.LO.MA.ZS,0.0
per_sa_allsa.cov_q4_tot,0.0
SE.SEC.CMPT.LO.ZS,0.0
per_sa_allsa.cov_q3_tot,0.0
per_sa_allsa.cov_q2_tot,0.0
SE.SEC.CUAT.LO.FE.ZS,0.0
SE.SEC.CUAT.LO.MA.ZS,0.0
SE.SEC.CUAT.LO.ZS,0.0
SE.SEC.CUAT.PO.FE.ZS,0.0
SE.SEC.TCAQ.UP.MA.ZS,0.0
SP.POP.4044.FE.5Y,0.0
SH.CON.1524.FE.ZS,0.0
SE.SEC.TCAQ.ZS,0.0
SE.XPD.SECO.PC.ZS,0.0
SE.XPD.SECO.ZS,0.0
SE.XPD.TERT.PC.ZS,0.0
per_lm_alllm.cov_pop_tot,0.0
per_lm_alllm.adq_pop_tot,0.0
SP.POP.4044.MA.5Y,0.0
SG.DMK.ALLD.FN.ZS,0.0
SG.DMK.SRCR.FN.ZS,0.0
SG.GEN.PARL.ZS,0.0
SP.POP.2529.FE.5Y,0.0
per_allsp.cov_pop_tot,0.0
SG.LAW.INDX,0.0
SG.TIM.UWRK.FE,0.0
SG.TIM.UWRK.MA,0.0
SG.VAW.1549.ZS,0.0
SG.VAW.ARGU.ZS,0.0
SG.VAW.BURN.ZS,0.0
SG.VAW.GOES.ZS,0.0
SG.VAW.NEGL.ZS,0.0
per_allsp.ben_q1_tot,0.0
SG.VAW.REFU.ZS,0.0
SH.STA.POIS.P5,0.0
SH.ALC.PCAP.LI,0.0
per_allsp.adq_pop_tot,0.0
SH.ALC.PCAP.MA.LI,0.0
SH.ANM.ALLW.ZS,0.0
SP.POP.2024.MA.5Y,0.0
SH.ANM.CHLD.ZS,0.0
SH.ANM.NPRG.ZS,0.0
SE.XPD.PRIM.ZS,0.0
per_lm_alllm.cov_q1_tot,0.0
SE.XPD.PRIM.PC.ZS,0.0
SE.TER.CUAT.MS.FE.ZS,0.0
per_lm_alllm.cov_q3_tot,0.0
SE.SEC.TCHR,0.0
SE.SEC.TCHR.FE,0.0
SE.SEC.TCHR.FE.ZS,0.0
SE.SEC.UNER.LO.FE.ZS,0.0
SE.SEC.UNER.LO.MA.ZS,0.0
SE.SEC.UNER.LO.ZS,0.0
SE.TER.CUAT.BA.FE.ZS,0.0
SE.TER.CUAT.BA.MA.ZS,0.0
SE.TER.CUAT.BA.ZS,0.0
SE.TER.CUAT.DO.FE.ZS,0.0
SE.TER.CUAT.DO.MA.ZS,0.0
SE.TER.CUAT.DO.ZS,0.0
SE.TER.CUAT.MS.MA.ZS,0.0
SE.XPD.CTOT.ZS,0.0
SE.TER.CUAT.MS.ZS,0.0
SE.TER.CUAT.ST.FE.ZS,0.0
per_lm_alllm.cov_q2_tot,0.0
SE.TER.CUAT.ST.MA.ZS,0.0
SE.TER.CUAT.ST.ZS,0.0
SE.TER.ENRL.TC.ZS,0.0
SE.TER.ENRR,0.0
SE.TER.ENRR.FE,0.0
SE.TER.ENRR.MA,0.0
SE.TER.TCHR.FE.ZS,0.0
SE.XPD.CPRM.ZS,0.0
SE.XPD.CSEC.ZS,0.0
SE.XPD.CTER.ZS,0.0
SH.STA.OWGH.ZS,0.0
TM.VAL.TRAN.ZS.WT,0.0
SH.STA.POIS.P5.FE,0.0
SL.TLF.ACTI.FE.ZS,0.0
SL.TLF.0714.WK.FE.ZS,0.0
SL.TLF.0714.WK.MA.ZS,0.0
SL.TLF.0714.WK.TM,0.0
SL.TLF.0714.WK.ZS,0.0
SL.TLF.0714.ZS,0.0
SL.TLF.ACTI.1524.FE.NE.ZS,0.0
SL.TLF.ACTI.1524.FE.ZS,0.0
SL.TLF.ACTI.1524.MA.NE.ZS,0.0
SP.DYN.TFRT.IN,0.0
SL.TLF.ACTI.1524.MA.ZS,0.0
SL.TLF.ACTI.1524.NE.ZS,0.0
SP.RUR.TOTL.ZS,0.0
SL.TLF.ACTI.1524.ZS,0.0
SL.TLF.ACTI.MA.ZS,0.0
SP.REG.BRTH.ZS,0.0
SL.TLF.ACTI.ZS,0.0
SL.TLF.ADVN.FE.ZS,0.0
SL.TLF.ADVN.MA.ZS,0.0
SP.POP.65UP.FE.IN,0.0
SL.TLF.ADVN.ZS,0.0
SL.TLF.BASC.FE.ZS,0.0
SL.TLF.BASC.MA.ZS,0.0
SL.TLF.BASC.ZS,0.0
SL.TLF.CACT.FE.NE.ZS,0.0
SP.POP.65UP.FE.ZS,0.0
SL.TLF.CACT.FE.ZS,0.0
SP.REG.DTHS.ZS,0.0
SL.TLF.CACT.MA.NE.ZS,0.0
SL.TLF.0714.WK.FE.TM,0.0
SL.TLF.0714.SW.ZS,0.0
SL.TLF.0714.SW.TM,0.0
SP.URB.GROW,0.0
SL.MNF.0714.FE.ZS,0.0
SL.MNF.0714.MA.ZS,0.0
SL.MNF.0714.ZS,0.0
ST.INT.TVLR.CD,0.0
SP.POP.6569.MA.5Y,0.0
SL.SLF.0714.FE.ZS,0.0
ST.INT.TRNX.CD,0.0
SL.SLF.0714.MA.ZS,0.0
ST.INT.TRNR.CD,0.0
SL.SLF.0714.ZS,0.0
SL.SRV.0714.FE.ZS,0.0
SL.SRV.0714.MA.ZS,0.0
SL.SRV.0714.ZS,0.0
ST.INT.RCPT.CD,0.0
ST.INT.DPRT,0.0
ST.INT.ARVL,0.0
SL.SRV.EMPL.ZS,0.0
SL.TLF.0714.FE.ZS,0.0
SL.TLF.0714.MA.ZS,0.0
SL.TLF.0714.SW.FE.TM,0.0
SP.UWT.TFRT,0.0
SP.URB.TOTL.IN.ZS,0.0
SP.URB.TOTL,0.0
SP.DYN.TO65.FE.ZS,0.0
SL.TLF.0714.SW.MA.TM,0.0
SL.TLF.0714.SW.MA.ZS,0.0
SE.PRM.TCAQ.MA.ZS,0.0
SL.TLF.CACT.MA.ZS,0.0
SL.TLF.INTM.ZS,0.0
SH.STA.POIS.P5.MA,0.0
SP.POP.DPND,0.0
SP.POP.TOTL.MA.IN,0.0
SP.DYN.IMRT.MA.IN,0.0
SL.UEM.TOTL.MA.NE.ZS,0.0
SP.POP.TOTL.FE.IN,0.0
SP.POP.TOTL,0.0
SL.UEM.TOTL.ZS,0.0
SP.DYN.IMRT.IN,0.0
SP.POP.TECH.RD.P6,0.0
SL.WAG.0714.MA.ZS,0.0
SL.WAG.0714.ZS,0.0
SP.POP.DPND.OL,0.0
SM.POP.NETM,0.0
SM.POP.REFG,0.0
SM.POP.TOTL,0.0
SL.TLF.PART.FE.ZS,0.0
SP.POP.80UP.MA.5Y,0.0
SP.DYN.IMRT.FE.IN,0.0
SN.ITK.MSFI.ZS,0.0
SP.POP.80UP.FE.5Y,0.0
SP.DYN.CONU.ZS,0.0
SP.POP.7579.MA.5Y,0.0
SN.ITK.SVFI.ZS,0.0
SN.ITK.VITA.ZS,0.0
SP.DYN.AMRT.FE,0.0
SP.DYN.AMRT.MA,0.0
SP.DYN.CBRT.IN,0.0
SP.POP.7579.FE.5Y,0.0
SP.POP.7074.MA.5Y,0.0
SL.UEM.TOTL.FE.NE.ZS,0.0
SL.UEM.NEET.ZS,0.0
SL.UEM.NEET.ME.ZS,0.0
SP.POP.TOTL.MA.ZS,0.0
SL.TLF.PART.MA.ZS,0.0
SP.DYN.LE00.MA.IN,0.0
SL.TLF.TOTL.FE.ZS,0.0
SL.TLF.TOTL.IN,0.0
SL.UEM.1524.FE.NE.ZS,0.0
SP.DYN.LE00.IN,0.0
SP.REG.BRTH.UR.ZS,0.0
SL.UEM.1524.FE.ZS,0.0
SL.UEM.1524.MA.NE.ZS,0.0
SL.UEM.1524.MA.ZS,0.0
SL.UEM.1524.ZS,0.0
SL.UEM.ADVN.FE.ZS,0.0
SP.DYN.LE00.FE.IN,0.0
SP.REG.BRTH.RU.ZS,0.0
SP.POP.65UP.MA.ZS,0.0
SL.UEM.ADVN.ZS,0.0
SL.UEM.BASC.FE.ZS,0.0
SL.UEM.BASC.MA.ZS,0.0
SL.UEM.BASC.ZS,0.0
SL.UEM.INTM.FE.ZS,0.0
SL.UEM.INTM.MA.ZS,0.0
SL.UEM.INTM.ZS,0.0
SP.REG.BRTH.MA.ZS,0.0
SL.UEM.NEET.FE.ME.ZS,0.0
SP.POP.65UP.TO,0.0
SL.UEM.NEET.FE.ZS,0.0
SP.REG.BRTH.FE.ZS,0.0
SL.IND.EMPL.ZS,0.0
SL.IND.EMPL.MA.ZS,0.0
ST.INT.TVLX.CD,0.0
SH.XPD.GHED.GE.ZS,0.0
TM.VAL.MMTL.ZS.UN,0.0
SP.POP.0014.MA.ZS,0.0
SH.VAC.TTNS.ZS,0.0
SH.XPD.CHEX.GD.ZS,0.0
TM.VAL.INSF.ZS.WT,0.0
SH.XPD.CHEX.PC.CD,0.0
SH.XPD.CHEX.PP.CD,0.0
SH.XPD.EHEX.CH.ZS,0.0
SH.XPD.EHEX.PC.CD,0.0
SH.XPD.EHEX.PP.CD,0.0
TM.VAL.FUEL.ZS.UN,0.0
SP.POP.0014.FE.ZS,0.0
SH.XPD.GHED.GD.ZS,0.0
SP.POP.6064.FE.5Y,0.0
SL.IND.EMPL.FE.ZS,0.0
TM.VAL.FOOD.ZS.UN,0.0
SH.XPD.GHED.PC.CD,0.0
SH.XPD.GHED.PP.CD,0.0
SH.XPD.OOPC.CH.ZS,0.0
SH.XPD.OOPC.PC.CD,0.0
SH.XPD.OOPC.PP.CD,0.0
TM.VAL.AGRI.ZS.UN,0.0
TM.UVI.MRCH.XD.WD,0.0
SH.XPD.PVTD.PC.CD,0.0
TM.TAX.TCOM.WM.FN.ZS,0.0
SH.XPD.PVTD.PP.CD,0.0
TM.TAX.TCOM.WM.AR.ZS,0.0
TM.TAX.TCOM.SR.ZS,0.0
SH.UHC.TOT2.ZS,0.0
SH.UHC.TOT1.ZS,0.0
SH.UHC.SRVS.CV.XD,0.0
TM.VAL.MRCH.CD.WT,0.0
SH.STA.SMSS.RU.ZS,0.0
SH.STA.SMSS.UR.ZS,0.0
SH.STA.SMSS.ZS,0.0
SH.STA.STNT.FE.ZS,0.0
SH.STA.STNT.MA.ZS,0.0
SH.STA.STNT.ME.ZS,0.0
SH.STA.STNT.ZS,0.0
SP.POP.0509.MA.5Y,0.0
SP.POP.0509.FE.5Y,0.0
SH.STA.SUIC.P5,0.0
TM.VAL.TRVL.ZS.WT,0.0
SH.STA.WASH.P5,0.0
SP.DYN.CONM.ZS,0.0
SH.STA.WAST.FE.ZS,0.0
SP.POP.0014.TO.ZS,0.0
SH.STA.WAST.MA.ZS,0.0
SH.SVR.WAST.MA.ZS,0.0
TM.VAL.SERV.CD.WT,0.0
TM.VAL.OTHR.ZS.WT,0.0
SH.TBS.CURE.ZS,0.0
TM.VAL.MRCH.WR.ZS,0.0
TM.VAL.MRCH.WL.CD,0.0
TM.VAL.MRCH.R6.ZS,0.0
SP.POP.5559.MA.5Y,0.0
TM.VAL.MRCH.R5.ZS,0.0
TM.VAL.MRCH.R4.ZS,0.0
SP.POP.0014.TO,0.0
TM.TAX.TCOM.SM.FN.ZS,0.0
TM.TAX.TCOM.SM.AR.ZS,0.0
SI.POV.LMIC.GP,0.0
SL.EMP.SELF.MA.ZS,0.0
TM.TAX.MANF.SM.FN.ZS,0.0
SL.EMP.TOTL.SP.FE.NE.ZS,0.0
SP.MTR.1519.ZS,0.0
SL.EMP.TOTL.SP.FE.ZS,0.0
SL.EMP.TOTL.SP.MA.NE.ZS,0.0
SL.EMP.TOTL.SP.MA.ZS,0.0
SP.M18.2024.FE.ZS,0.0
TM.TAX.MANF.SM.AR.ZS,0.0
SL.EMP.VULN.FE.ZS,0.0
TM.TAX.MANF.IP.ZS,0.0
SL.EMP.VULN.MA.ZS,0.0
SL.EMP.VULN.ZS,0.0
SP.M15.2024.FE.ZS,0.0
SL.EMP.WORK.FE.ZS,0.0
SL.EMP.WORK.MA.ZS,0.0
SL.EMP.WORK.ZS,0.0
SL.FAM.0714.FE.ZS,0.0
SL.FAM.0714.MA.ZS,0.0
SP.POP.6569.FE.5Y,0.0
SL.FAM.0714.ZS,0.0
SL.FAM.WORK.FE.ZS,0.0
SP.HOU.FEMA.ZS,0.0
ST.INT.XPND.MP.ZS,0.0
ST.INT.XPND.CD,0.0
SL.FAM.WORK.ZS,0.0
SL.GDP.PCAP.EM.KD,0.0
SP.DYN.WFRT,0.0
SP.POP.6064.MA.5Y,0.0
SL.EMP.SELF.FE.ZS,0.0
SI.POV.MPUN,0.0
TM.TAX.MANF.WM.AR.ZS,0.0
SI.POV.MPWB,0.0
TM.TAX.TCOM.BC.ZS,0.0
SP.POP.0004.MA.5Y,0.0
TM.TAX.MRCH.WM.FN.ZS,0.0
SI.POV.UMIC.GP,0.0
SI.RMT.COST.IB.ZS,0.0
SI.RMT.COST.OB.ZS,0.0
SI.SPR.PC40,0.0
SI.SPR.PC40.ZG,0.0
SI.SPR.PCAP,0.0
SI.SPR.PCAP.ZG,0.0
TM.TAX.MRCH.WM.AR.ZS,0.0
TM.TAX.MRCH.SR.ZS,0.0
SL.AGR.0714.FE.ZS,0.0
TM.TAX.MRCH.SM.FN.ZS,0.0
SL.AGR.0714.ZS,0.0
SL.AGR.EMPL.FE.ZS,0.0
SL.AGR.EMPL.MA.ZS,0.0
SL.AGR.EMPL.ZS,0.0
SL.EMP.1524.SP.FE.NE.ZS,0.0
SL.EMP.1524.SP.FE.ZS,0.0
TM.TAX.MRCH.SM.AR.ZS,0.0
SL.EMP.1524.SP.MA.ZS,0.0
SL.EMP.1524.SP.NE.ZS,0.0
SL.EMP.1524.SP.ZS,0.0
SP.POP.0004.FE.5Y,0.0
TM.TAX.MRCH.BC.ZS,0.0
SP.POP.3539.FE.5Y,0.0
AG.CON.FERT.PT.ZS,0.0
SE.PRM.TCAQ.FE.ZS,0.0
FM.AST.PRVT.ZG.M3,0.0
ER.FSH.AQUA.MT,0.0
EN.URB.LCTY.UR.ZS,0.0
EN.URB.LCTY,0.0
EN.POP.SLUM.UR.ZS,0.0
EN.POP.EL5M.UR.ZS,0.0
EN.POP.EL5M.RU.ZS,0.0
EN.MAM.THRD.NO,0.0
EN.HPT.THRD.NO,0.0
EN.GHG.TOT.ZG.AR5,0.0
EN.GHG.N2O.WA.MT.CE.AR5,0.0
EN.GHG.N2O.TR.MT.CE.AR5,0.0
EN.GHG.N2O.MT.CE.AR5,0.0
EN.GHG.N2O.IP.MT.CE.AR5,0.0
EN.GHG.N2O.IC.MT.CE.AR5,0.0
EN.GHG.N2O.BU.MT.CE.AR5,0.0
EN.GHG.N2O.AG.MT.CE.AR5,0.0
EN.GHG.CO2.WA.MT.CE.AR5,0.0
ER.FSH.CAPT.MT,0.0
ER.FSH.PROD.MT,0.0
ER.H2O.FWDM.ZS,0.0
FB.CBK.BRWR.P3,0.0
FM.AST.NFRG.CN,0.0
FM.AST.DOMS.CN,0.0
FM.AST.CGOV.ZG.M3,0.0
FI.RES.XGLD.CD,0.0
FI.RES.TOTL.MO,0.0
FI.RES.TOTL.DT.ZS,0.0
FB.CBK.DPTR.P3,0.0
FB.CBK.BRCH.P5,0.0
ER.H2O.FWIN.ZS,0.0
FB.BNK.CAPA.ZS,0.0
FB.ATM.TOTL.P5,0.0
FB.AST.NPER.ZS,0.0
ER.PTD.TOTL.ZS,0.0
ER.LND.PTLD.ZS,0.0
ER.H2O.INTR.K3,0.0
ER.H2O.FWTL.K3,0.0
EN.GHG.CO2.TR.MT.CE.AR5,0.0
EN.GHG.CO2.RT.GDP.PP.KD,0.0
EN.GHG.CO2.RT.GDP.KD,0.0
EG.ELC.NUCL.ZS,0.0
EN.ATM.PM25.MC.M3,0.0
EG.USE.ELEC.KH.PC,0.0
EG.USE.CRNW.ZS,0.0
EG.USE.COMM.CL.ZS,0.0
EG.FEC.RNEW.ZS,0.0
EG.ELC.RNWX.KH,0.0
EG.ELC.PETR.ZS,0.0
EG.ELC.NGAS.ZS,0.0
EN.ATM.PM25.MC.T2.ZS,0.0
EG.ELC.HYRO.ZS,0.0
EG.ELC.FOSL.ZS,0.0
EG.ELC.COAL.ZS,0.0
EG.ELC.ACCS.ZS,0.0
EG.CFT.ACCS.UR.ZS,0.0
EG.CFT.ACCS.RU.ZS,0.0
DT.TDS.MLAT.PG.ZS,0.0
EN.ATM.PM25.MC.T1.ZS,0.0
EN.ATM.PM25.MC.T3.ZS,0.0
EN.GHG.CO2.PI.MT.CE.AR5,0.0
EN.GHG.CH4.WA.MT.CE.AR5,0.0
EN.GHG.CO2.PC.CE.AR5,0.0
EN.GHG.CO2.LU.OS.MT.CE.AR5,0.0
EN.GHG.CO2.IP.MT.CE.AR5,0.0
EN.GHG.CO2.IC.MT.CE.AR5,0.0
EN.GHG.CO2.BU.MT.CE.AR5,0.0
EN.GHG.CO2.AG.MT.CE.AR5,0.0
EN.GHG.CH4.ZG.AR5,0.0
EN.GHG.CH4.TR.MT.CE.AR5,0.0
EN.ATM.PM25.MC.ZS,0.0
EN.GHG.CH4.PI.MT.CE.AR5,0.0
EN.GHG.CH4.MT.CE.AR5,0.0
EN.GHG.CH4.FE.MT.CE.AR5,0.0
EN.GHG.CH4.BU.MT.CE.AR5,0.0
EN.GHG.ALL.MT.CE.AR5,0.0
EN.CLC.MDAT.ZS,0.0
EN.BIR.THRD.NO,0.0
FM.AST.PRVT.GD.ZS,0.0
FM.LBL.BMNY.IR.ZS,0.0
IC.EXP.TMDC,0.0
FM.LBL.BMNY.ZG,0.0
GE.PER.RNK.UPPER,0.0
GE.PER.RNK,0.0
GE.NO.SRC,0.0
GC.XPN.TRFT.ZS,0.0
GC.XPN.TRFT.CN,0.0
GC.XPN.TOTL.GD.ZS,0.0
GC.XPN.TOTL.CN,0.0
GC.XPN.OTHR.ZS,0.0
GC.XPN.OTHR.CN,0.0
GC.XPN.INTP.CN,0.0
GC.XPN.GSRV.ZS,0.0
GC.XPN.GSRV.CN,0.0
GC.XPN.COMP.CN,0.0
GC.TAX.YPKG.ZS,0.0
GC.TAX.YPKG.CN,0.0
GC.TAX.TOTL.GD.ZS,0.0
GC.TAX.TOTL.CN,0.0
GE.STD.ERR,0.0
GF.XPD.BUDG.ZS,0.0
HD.HCI.OVRL,0.0
IC.BUS.NDNS.ZS,0.0
IC.EXP.CSBC.CD,0.0
IC.ELC.TIME,0.0
IC.ELC.OUTG.ZS,0.0
IC.ELC.OUTG,0.0
IC.ELC.DURS,0.0
IC.CUS.DURS.EX,0.0
IC.CRD.PUBL.ZS,0.0
IC.BUS.EASE.XQ,0.0
HD.HCI.OVRL.FE,0.0
HD.HCI.OVRL.UB.MA,0.0
HD.HCI.OVRL.UB.FE,0.0
HD.HCI.OVRL.UB,0.0
HD.HCI.OVRL.MA,0.0
HD.HCI.OVRL.LB.MA,0.0
HD.HCI.OVRL.LB.FE,0.0
HD.HCI.OVRL.LB,0.0
GC.TAX.OTHR.RV.ZS,0.0
GC.TAX.OTHR.CN,0.0
GC.TAX.INTT.RV.ZS,0.0
FS.AST.DOMS.GD.ZS,0.0
FX.OWN.TOTL.YG.ZS,0.0
FX.OWN.TOTL.SO.ZS,0.0
FX.OWN.TOTL.PL.ZS,0.0
FX.OWN.TOTL.MA.ZS,0.0
FX.OWN.TOTL.60.ZS,0.0
FX.OWN.TOTL.40.ZS,0.0
FS.AST.PRVT.GD.ZS,0.0
FS.AST.DOMO.GD.ZS,0.0
GB.XPD.RSDV.GD.ZS,0.0
FS.AST.CGOV.GD.ZS,0.0
FR.INR.RINR,0.0
FR.INR.LNDP,0.0
FR.INR.LEND,0.0
FR.INR.DPST,0.0
FP.WPI.TOTL,0.0
FP.CPI.TOTL.ZG,0.0
FX.OWN.TOTL.ZS,0.0
GC.AST.TOTL.CN,0.0
GC.TAX.INTT.CN,0.0
GC.REV.XGRT.GD.ZS,0.0
GC.TAX.IMPT.ZS,0.0
GC.TAX.IMPT.CN,0.0
GC.TAX.GSRV.VA.ZS,0.0
GC.TAX.GSRV.RV.ZS,0.0
GC.TAX.GSRV.CN,0.0
GC.TAX.EXPT.ZS,0.0
GC.TAX.EXPT.CN,0.0
GC.REV.XGRT.CN,0.0
GC.AST.TOTL.GD.ZS,0.0
GC.REV.GOTR.ZS,0.0
GC.REV.GOTR.CN,0.0
GC.NLD.TOTL.GD.ZS,0.0
GC.NLD.TOTL.CN,0.0
GC.NFN.TOTL.CN,0.0
GC.LBL.TOTL.GD.ZS,0.0
GC.LBL.TOTL.CN,0.0
DT.TDS.MLAT.CD,0.0
DT.TDS.DPPG.GN.ZS,0.0
DT.TDS.DPPG.CD,0.0
DT.TDS.DPPF.XP.ZS,0.0
CC.PER.RNK.LOWER,0.0
CC.PER.RNK,0.0
CC.NO.SRC,0.0
CC.EST,0.0
BX.TRF.PWKR.DT.GD.ZS,0.0
BX.TRF.PWKR.CD.DT,0.0
BX.TRF.PWKR.CD,0.0
BX.PEF.TOTL.CD.WD,0.0
BX.KLT.DINV.WD.GD.ZS,0.0
BX.KLT.DINV.CD.WD,0.0
BX.GSR.TRVL.ZS,0.0
BX.GSR.TOTL.CD,0.0
BX.GSR.ROYL.CD,0.0
BX.GSR.MRCH.CD,0.0
BX.GSR.INSF.ZS,0.0
BX.GSR.GNFS.CD,0.0
BX.GSR.CMCP.ZS,0.0
CC.PER.RNK.UPPER,0.0
CC.STD.ERR,0.0
CM.MKT.INDX.ZG,0.0
DC.DAC.DNKL.CD,0.0
DC.DAC.JPNL.CD,0.0
DC.DAC.ITAL.CD,0.0
DC.DAC.IRLL.CD,0.0
DC.DAC.HUNL.CD,0.0
DC.DAC.GRCL.CD,0.0
DC.DAC.FINL.CD,0.0
DC.DAC.ESTL.CD,0.0
DC.DAC.DEUL.CD,0.0
CM.MKT.LCAP.CD,0.0
DC.DAC.CZEL.CD,0.0
DC.DAC.CECL.CD,0.0
DC.DAC.CANL.CD,0.0
DC.DAC.BELL.CD,0.0
DC.DAC.AUTL.CD,0.0
DC.DAC.AUSL.CD,0.0
CM.MKT.TRAD.GD.ZS,0.0
BX.GSR.CCIS.CD,0.0
BX.GRT.TECH.CD.WD,0.0
BX.GRT.EXTA.CD.WD,0.0
AG.LND.EL5M.ZS,0.0
AG.PRD.LVSK.XD,0.0
AG.PRD.FOOD.XD,0.0
AG.PRD.CREL.MT,0.0
AG.LND.TOTL.UR.K2,0.0
AG.LND.TOTL.RU.K2,0.0
AG.LND.TOTL.K2,0.0
AG.LND.FRST.K2,0.0
AG.LND.EL5M.UR.ZS,0.0
BG.GSR.NFSV.GD.ZS,0.0
AG.LND.EL5M.UR.K2,0.0
AG.LND.EL5M.RU.ZS,0.0
AG.LND.EL5M.RU.K2,0.0
AG.LND.CREL.HA,0.0
AG.LND.ARBL.HA.PC,0.0
AG.LND.ARBL.HA,0.0
AG.LND.AGRI.K2,0.0
AG.SRF.TOTL.K2,0.0
BM.GSR.GNFS.CD,0.0
BN.TRF.CURR.CD,0.0
BN.CAB.XOKA.CD,0.0
BN.RES.INCL.CD,0.0
BN.KLT.PTXL.CD,0.0
BN.KLT.DINV.CD,0.0
BN.GSR.MRCH.CD,0.0
BN.GSR.GNFS.CD,0.0
BN.GSR.FCTY.CD,0.0
BN.FIN.TOTL.CD,0.0
BM.KLT.DINV.WD.GD.ZS,0.0
BM.GSR.INSF.ZS,0.0
BM.KLT.DINV.CD.WD,0.0
BM.GSR.TRVL.ZS,0.0
BM.GSR.TRAN.ZS,0.0
BM.GSR.TOTL.CD,0.0
BM.GSR.ROYL.CD,0.0
BM.GSR.NFSV.CD,0.0
BM.GSR.MRCH.CD,0.0
DC.DAC.LTUL.CD,0.0
DC.DAC.LUXL.CD,0.0
DC.DAC.NZLL.CD,0.0
DT.NFL.UNAI.CD,0.0
DT.NFL.UNIDO.CD,0.0
DT.NFL.UNEP.CD,0.0
DT.NFL.UNDP.CD,0.0
DT.NFL.UNCV.CD,0.0
DT.NFL.UNCTAD.CD,0.0
DT.NFL.UNCR.CD,0.0
DT.NFL.UNCF.CD,0.0
DT.NFL.SPRP.CD,0.0
DT.NFL.UNRW.CD,0.0
DT.NFL.SDGF.CD,0.0
DT.NFL.RDBN.CD,0.0
DT.NFL.RDBC.CD,0.0
DT.NFL.PRVT.CD,0.0
DT.NFL.PROP.CD,0.0
DT.NFL.PNGC.CD,0.0
DT.NFL.PNGB.CD,0.0
DT.NFL.UNPB.CD,0.0
DT.NFL.UNWT.CD,0.0
DT.NFL.PCBK.CD,0.0
DT.ODA.ODAT.GN.ZS,0.0
DT.TDS.DIMF.CD,0.0
DT.TDS.DECT.GN.ZS,0.0
DT.TDS.DECT.CD,0.0
DT.ODA.ODAT.XP.ZS,0.0
DT.ODA.ODAT.PC.ZS,0.0
DT.ODA.ODAT.MP.ZS,0.0
DT.ODA.ODAT.KD,0.0
DT.ODA.ODAT.GI.ZS,0.0
DT.NFL.WFPG.CD,0.0
DT.ODA.ODAT.CD,0.0
DT.ODA.OATL.KD,0.0
DT.ODA.OATL.CD,0.0
DT.ODA.ALLD.KD,0.0
DT.ODA.ALLD.CD,0.0
DT.NFL.WITC.CD,0.0
DT.NFL.WHOL.CD,0.0
DT.NFL.PCBO.CD,0.0
DT.NFL.PBND.CD,0.0
DC.DAC.POLL.CD,0.0
DC.ODA.TOTL.GN.ZS,0.0
DT.DOD.DPPG.CD,0.0
DT.DOD.DPNG.CD,0.0
DT.DOD.DLXF.CD,0.0
DT.DOD.DIMF.CD,0.0
DT.DOD.DECT.GN.ZS,0.0
DT.DOD.DECT.CD,0.0
DC.ODA.TOTL.KD,0.0
DC.ODA.TOTL.CD,0.0
DT.DOD.DSTC.IR.ZS,0.0
DC.ODA.TLDC.GN.ZS,0.0
DC.ODA.TLDC.CD,0.0
DC.DAC.TOTL.CD,0.0
DC.DAC.SWEL.CD,0.0
DC.DAC.SVNL.CD,0.0
DC.DAC.SVKL.CD,0.0
DC.DAC.PRTL.CD,0.0
DT.DOD.DSTC.CD,0.0
DT.DOD.DSTC.XP.ZS,0.0
DT.NFL.NIFC.CD,0.0
DT.NFL.IAEA.CD,0.0
DT.NFL.MLAT.CD,0.0
DT.NFL.MIDA.CD,0.0
DT.NFL.MIBR.CD,0.0
DT.NFL.IMFN.CD,0.0
DT.NFL.IMFC.CD,0.0
DT.NFL.ILOG.CD,0.0
DT.NFL.IFAD.CD,0.0
DT.NFL.FAOG.CD,0.0
DT.DOD.DSTC.ZS,0.0
DT.NFL.DPNG.CD,0.0
DT.NFL.CERF.CD,0.0
DT.NFL.BOND.CD,0.0
DT.NFL.BLAT.CD,0.0
DT.DOD.PVLX.CD,0.0
DT.DOD.MWBG.CD,0.0
DT.DOD.MIBR.CD,0.0
IC.EXP.TMBC,0.0
IC.FRM.BKWC.ZS,0.0
SE.PRM.REPT.MA.ZS,0.0
NY.GNS.ICTR.GN.ZS,0.0
NY.GDP.PCAP.PP.KD,0.0
NY.GDP.PCAP.PP.CD,0.0
NY.GDP.PCAP.KD.ZG,0.0
NY.GDP.PCAP.KD,0.0
NY.GDP.PCAP.CD,0.0
NY.GDP.NGAS.RT.ZS,0.0
NY.GDP.MKTP.PP.KD,0.0
NY.GDP.MKTP.PP.CD,0.0
NY.GDP.MKTP.KN,0.0
NY.GDP.MKTP.KD,0.0
NY.GDP.MKTP.CN.AD,0.0
NY.GDP.MKTP.CN,0.0
NY.GDP.MKTP.CD,0.0
NY.GDP.MINR.RT.ZS,0.0
NY.GDP.FRST.RT.ZS,0.0
NY.GDP.FCST.KN,0.0
NY.GDP.FCST.KD,0.0
NY.GDP.PETR.RT.ZS,0.0
NY.GDP.TOTL.RT.ZS,0.0
NY.GDS.TOTL.CD,0.0
NY.GNP.MKTP.PP.KD,0.0
NY.GNP.PCAP.PP.KD,0.0
NY.GNP.PCAP.PP.CD,0.0
NY.GNP.PCAP.KN,0.0
NY.GNP.PCAP.KD.ZG,0.0
NY.GNP.PCAP.KD,0.0
NY.GNP.PCAP.CN,0.0
NY.GNP.PCAP.CD,0.0
NY.GNP.MKTP.PP.CD,0.0
NY.GDS.TOTL.CN,0.0
NY.GNP.MKTP.KN,0.0
NY.GNP.MKTP.CN.AD,0.0
NY.GNP.MKTP.CN,0.0
NY.GNP.MKTP.CD,0.0
NY.GNP.ATLS.CD,0.0
NY.GDY.TOTL.KN,0.0
NY.GDS.TOTL.ZS,0.0
NY.GDP.FCST.CN,0.0
NY.GDP.FCST.CD,0.0
NY.GDP.DISC.KN,0.0
NV.SRV.TOTL.KD.ZG,0.0
NY.ADJ.DMIN.CD,0.0
NY.ADJ.DKAP.GN.ZS,0.0
NY.ADJ.DKAP.CD,0.0
NY.ADJ.DFOR.CD,0.0
NY.ADJ.DCO2.GN.ZS,0.0
NY.ADJ.AEDU.GN.ZS,0.0
NV.SRV.TOTL.KN,0.0
NV.SRV.TOTL.KD,0.0
NY.ADJ.DNGY.CD,0.0
NV.SRV.TOTL.CN,0.0
NV.SRV.TOTL.CD,0.0
NV.SRV.EMPL.KD,0.0
NV.MNF.OTHR.ZS.UN,0.0
NV.MNF.MTRN.ZS.UN,0.0
NV.MNF.CHEM.ZS.UN,0.0
NV.IND.TOTL.ZS,0.0
NY.ADJ.DMIN.GN.ZS,0.0
NY.ADJ.DNGY.GN.ZS,0.0
NY.GDP.DEFL.KD.ZG.AD,0.0
NY.ADJ.NNTY.PC.KD,0.0
NY.GDP.DEFL.KD.ZG,0.0
NY.GDP.COAL.RT.ZS,0.0
NY.EXP.CAPM.KN,0.0
NY.ADJ.SVNX.GN.ZS,0.0
NY.ADJ.SVNG.GN.ZS,0.0
NY.ADJ.SVNG.CD,0.0
NY.ADJ.NNTY.PC.KD.ZG,0.0
NY.ADJ.NNTY.PC.CD,0.0
NY.ADJ.DPEM.CD,0.0
NY.ADJ.NNTY.KD.ZG,0.0
NY.ADJ.NNTY.KD,0.0
NY.ADJ.NNTY.CD,0.0
NY.ADJ.NNAT.CD,0.0
NY.ADJ.ICTR.GN.ZS,0.0
NY.ADJ.DRES.GN.ZS,0.0
NY.ADJ.DPEM.GN.ZS,0.0
NY.GNS.ICTR.CN,0.0
NY.GNS.ICTR.ZS,0.0
IC.FRM.BNKS.ZS,0.0
NY.GSR.NFCY.CD,0.0
SE.PRM.CUAT.FE.ZS,0.0
SE.PRM.CMPT.ZS,0.0
SE.PRM.CMPT.FE.ZS,0.0
SE.PRM.AGES,0.0
SE.PRE.TCAQ.ZS,0.0
SE.PRE.TCAQ.MA.ZS,0.0
SE.PRE.TCAQ.FE.ZS,0.0
SE.PRE.ENRR.MA,0.0
SE.PRE.ENRR.FE,0.0
SE.PRE.ENRR,0.0
SE.PRE.ENRL.TC.ZS,0.0
SE.PRE.DURS,0.0
SE.LPV.PRIM.SD.FE,0.0
SE.LPV.PRIM.SD,0.0
SE.LPV.PRIM.MA,0.0
SE.LPV.PRIM.LD.MA,0.0
SE.LPV.PRIM.LD.FE,0.0
SE.PRM.CUAT.MA.ZS,0.0
SE.PRM.DURS,0.0
SE.PRM.ENRL,0.0
SE.PRM.PRIV.ZS,0.0
SE.PRM.REPT.FE.ZS,0.0
SE.PRM.PRSL.ZS,0.0
SE.PRM.PRSL.MA.ZS,0.0
SE.PRM.PRSL.FE.ZS,0.0
SE.PRM.PRS5.ZS,0.0
SE.PRM.PRS5.MA.ZS,0.0
SE.PRM.PRS5.FE.ZS,0.0
SE.PRM.NINT.ZS,0.0
SE.PRM.ENRL.FE.ZS,0.0
SE.PRM.NINT.FE.ZS,0.0
SE.PRM.NENR.MA,0.0
SE.PRM.NENR.FE,0.0
SE.PRM.NENR,0.0
SE.PRM.GINT.MA.ZS,0.0
SE.PRM.ENRR.MA,0.0
SE.PRM.ENRL.TC.ZS,0.0
SE.LPV.PRIM.FE,0.0
SE.ENR.TERT.FM.ZS,0.0
SE.ENR.SECO.FM.ZS,0.0
PA.NUS.ATLS,0.0
PV.PER.RNK.UPPER,0.0
PV.PER.RNK.LOWER,0.0
PV.NO.SRC,0.0
PV.EST,0.0
PA.NUS.PRVT.PP,0.0
PA.NUS.PPPC.RF,0.0
PA.NUS.FCRF,0.0
NY.TRF.NCTR.KN,0.0
PX.REX.REER,0.0
NY.TRF.NCTR.CN,0.0
NY.TRF.NCTR.CD,0.0
NY.TAX.NIND.KN,0.0
NY.TAX.NIND.CN,0.0
NY.TAX.NIND.CD,0.0
AG.CON.FERT.ZS,0.0
NY.GSR.NFCY.CN,0.0
PV.STD.ERR,0.0
RL.EST,0.0
SE.ENR.PRSC.FM.ZS,0.0
SE.ADT.1524.LT.FM.ZS,0.0
SE.ENR.PRIM.FM.ZS,0.0
SE.COM.DURS,0.0
SE.ADT.LITR.ZS,0.0
SE.ADT.LITR.MA.ZS,0.0
SE.ADT.LITR.FE.ZS,0.0
SE.ADT.1524.LT.ZS,0.0
SE.ADT.1524.LT.MA.ZS,0.0
SE.ADT.1524.LT.FE.ZS,0.0
RL.NO.SRC,0.0
RQ.STD.ERR,0.0
RQ.PER.RNK.UPPER,0.0
RQ.NO.SRC,0.0
RL.STD.ERR,0.0
RL.PER.RNK.UPPER,0.0
RL.PER.RNK.LOWER,0.0
RL.PER.RNK,0.0
NV.IND.TOTL.KN,0.0
NV.IND.TOTL.KD.ZG,0.0
NV.IND.TOTL.KD,0.0
NV.IND.TOTL.CN,0.0
IQ.CPA.REVN.XQ,0.0
IQ.CPA.PUBS.XQ,0.0
IQ.CPA.PROT.XQ,0.0
IQ.CPA.PROP.XQ,0.0
IQ.CPA.PRES.XQ,0.0
IQ.CPA.PADM.XQ,0.0
IQ.CPA.MACR.XQ,0.0
IQ.CPA.IRAI.XQ,0.0
IQ.CPA.HRES.XQ,0.0
IQ.CPA.GNDR.XQ,0.0
IQ.CPA.FISP.XQ,0.0
IQ.CPA.FINQ.XQ,0.0
IQ.CPA.ENVR.XQ,0.0
IQ.CPA.ECON.XQ,0.0
IQ.CPA.DEBT.XQ,0.0
IQ.CPA.BREG.XQ,0.0
IP.TMK.RSCT,0.0
IQ.CPA.SOCI.XQ,0.0
IQ.CPA.TRAN.XQ,0.0
IQ.SPI.PIL1,0.0
IT.CEL.SETS,0.0
LP.EXP.DURS.MD,0.0
IT.NET.USER.ZS,0.0
IT.NET.USER.MA.ZS,0.0
IT.NET.USER.FE.ZS,0.0
IT.NET.BBND.P2,0.0
IT.NET.BBND,0.0
IT.CEL.SETS.P2,0.0
IS.SHP.GOOD.TU,0.0
IQ.SPI.PIL2,0.0
IS.SHP.GCNW.XQ,0.0
IS.RRS.TOTL.KM,0.0
IS.RRS.GOOD.MT.K6,0.0
IS.AIR.PSGR,0.0
IS.AIR.DPRT,0.0
IQ.SPI.PIL4,0.0
IQ.SPI.PIL3,0.0
IP.TMK.NRCT,0.0
IP.PAT.RESD,0.0
IP.PAT.NRES,0.0
IC.GOV.DURS.ZS,0.0
IC.REG.COST.PC.FE.ZS,0.0
IC.PRP.PROC,0.0
IC.PRP.DURS,0.0
IC.LGL.CRED.XQ,0.0
IC.ISV.DURS,0.0
IC.IMP.TMBC,0.0
IC.IMP.CSBC.CD,0.0
IC.FRM.THEV.ZS,0.0
IC.REG.COST.PC.ZS,0.0
IC.FRM.OUTG.ZS,0.0
IC.FRM.METG.ZS,0.0
IC.FRM.INFM.ZS,0.0
IC.FRM.FREG.ZS,0.0
IC.FRM.FEMO.ZS,0.0
IC.FRM.CRIM.ZS,0.0
IC.FRM.CMPU.ZS,0.0
IC.REG.COST.PC.MA.ZS,0.0
IC.REG.DURS.MA,0.0
IP.JRN.ARTC.SC,0.0
IE.PPI.ENGY.CD,0.0
IP.IDS.RSCT,0.0
IP.IDS.NRCT,0.0
IE.PPN.ICTI.CD,0.0
IE.PPN.ENGY.CD,0.0
IE.PPI.WATR.CD,0.0
IE.PPI.TRAN.CD,0.0
IE.PPI.ICTI.CD,0.0
IC.WRH.PROC,0.0
IC.REG.PROC,0.0
IC.WRH.DURS,0.0
IC.TAX.PRFT.CP.ZS,0.0
IC.TAX.PAYM,0.0
IC.TAX.OTHR.CP.ZS,0.0
IC.TAX.METG,0.0
IC.TAX.LABR.CP.ZS,0.0
IC.TAX.DURS,0.0
LP.LPI.CUST.XQ,0.0
LP.LPI.INFR.XQ,0.0
LP.LPI.LOGS.XQ,0.0
NE.GDI.STKB.CN,0.0
NE.IMP.GNFS.KD,0.0
NE.IMP.GNFS.CN,0.0
NE.IMP.GNFS.CD,0.0
NE.GDI.TOTL.ZS,0.0
NE.GDI.TOTL.KD,0.0
NE.GDI.TOTL.CN,0.0
NE.GDI.TOTL.CD,0.0
NE.GDI.STKB.CD,0.0
NE.IMP.GNFS.KN,0.0
NE.GDI.FTOT.ZS,0.0
NE.GDI.FTOT.KN,0.0
NE.GDI.FTOT.KD.ZG,0.0
NE.GDI.FTOT.KD,0.0
NE.GDI.FTOT.CN,0.0
NE.GDI.FTOT.CD,0.0
NE.GDI.FPRV.ZS,0.0
NE.IMP.GNFS.KD.ZG,0.0
NE.IMP.GNFS.ZS,0.0
NE.EXP.GNFS.ZS,0.0
NV.FSM.TOTL.CN,0.0
NV.IND.TOTL.CD,0.0
NV.IND.MANF.ZS,0.0
NV.IND.MANF.KD.ZG,0.0
NV.IND.MANF.KD,0.0
NV.IND.MANF.CN,0.0
NV.IND.EMPL.KD,0.0
NV.FSM.TOTL.KN,0.0
NV.AGR.TOTL.KN,0.0
NE.RSB.GNFS.CD,0.0
NV.AGR.TOTL.KD.ZG,0.0
NV.AGR.TOTL.KD,0.0
NV.AGR.TOTL.CN,0.0
NV.AGR.TOTL.CD,0.0
NV.AGR.EMPL.KD,0.0
NE.RSB.GNFS.ZS,0.0
NE.RSB.GNFS.CN,0.0
NE.GDI.FPRV.CN,0.0
NE.EXP.GNFS.KN,0.0
LP.LPI.OVRL.XQ,0.0
MS.MIL.XPRT.KD,0.0
NE.CON.PRVT.KD,0.0
NE.CON.PRVT.CD,0.0
NE.CON.GOVT.KN,0.0
NE.CON.GOVT.KD.ZG,0.0
NE.CON.GOVT.KD,0.0
NE.CON.GOVT.CN,0.0
NE.CON.GOVT.CD,0.0
MS.MIL.XPND.ZS,0.0
NE.CON.PRVT.KN,0.0
MS.MIL.XPND.GD.ZS,0.0
MS.MIL.XPND.CN,0.0
MS.MIL.XPND.CD,0.0
MS.MIL.TOTL.TF.ZS,0.0
MS.MIL.TOTL.P1,0.0
MS.MIL.MPRT.KD,0.0
LP.LPI.TRAC.XQ,0.0
NE.CON.PRVT.KD.ZG,0.0
NE.CON.PRVT.PC.KD,0.0
NE.EXP.GNFS.KD.ZG,0.0
NE.DAB.TOTL.CD,0.0
NE.EXP.GNFS.KD,0.0
NE.EXP.GNFS.CN,0.0
NE.EXP.GNFS.CD,0.0
NE.DAB.TOTL.ZS,0.0
NE.DAB.TOTL.KN,0.0
NE.DAB.TOTL.KD,0.0
NE.DAB.TOTL.CN,0.0
NE.DAB.DEFL.ZS,0.0
NE.CON.PRVT.PC.KD.ZG,0.0
NE.CON.TOTL.ZS,0.0
NE.CON.TOTL.KN,0.0
NE.CON.TOTL.KD.ZG,0.0
NE.CON.TOTL.KD,0.0
NE.CON.TOTL.CN,0.0
NE.CON.TOTL.CD,0.0
NE.CON.PRVT.PP.KD,0.0
NY.GSR.NFCY.KN,0.0
